{"curHP":74.59994506835938,"curMoney":0,"playerPosition":{"x":-4.528727054595947,"y":0.02499997615814209,"z":10.392626762390137},"playerItems":[],"playerEquipments":[]}