{"curHP":0.0,"curMoney":100,"playerPosition":{"x":25.514951705932618,"y":0.024999916553497316,"z":-22.575578689575197},"playerItems":["SubmachineGun"],"playerEquipments":[]}