{"curHP":85.64995574951172,"curMoney":0,"playerPosition":{"x":3.6701815128326418,"y":0.02499985694885254,"z":2.1275665760040285},"playerItems":["ShotGun","SemiAutomatic","Chainsaw"],"playerEquipments":[]}