{"curHP":0.0,"curMoney":100,"playerPosition":{"x":7.829867362976074,"y":0.025000035762786866,"z":-1.4637342691421509},"playerItems":["RainbowTrout"],"playerEquipments":[]}