{"curHP":0.0,"curMoney":100,"playerPosition":{"x":5.848473072052002,"y":0.02499997615814209,"z":8.876813888549805},"playerItems":[],"playerEquipments":[]}