{"curHP":48.599884033203128,"curMoney":100,"playerPosition":{"x":-1.3586167097091675,"y":0.024999916553497316,"z":-4.259101390838623},"playerItems":["ShotGun","SemiAutomatic"],"playerEquipments":["ShotGun"]}