{"curHP":86.09996032714844,"curMoney":0,"playerPosition":{"x":-4.1783127784729,"y":0.02499997615814209,"z":-12.389030456542969},"playerItems":[],"playerEquipments":[]}