{"curHP":9.850000381469727,"curMoney":0,"playerPosition":{"x":4.268353462219238,"y":0.02499997615814209,"z":-19.358922958374025},"playerItems":[],"playerEquipments":[]}