{"curHP":77.9998779296875,"curMoney":100,"playerPosition":{"x":-0.8266215324401856,"y":0.02499997615814209,"z":-4.0339274406433109},"playerItems":[],"playerEquipments":["SemiAutomatic"]}