{"curHP":85.64995574951172,"curMoney":0,"playerPosition":{"x":4.278909683227539,"y":0.02499997615814209,"z":-5.121468544006348},"playerItems":[],"playerEquipments":[{"instanceID":-175140}]}