{"curHP":85.64995574951172,"curMoney":100,"playerPosition":{"x":-1.9252252578735352,"y":0.02499997615814209,"z":6.308414100983532e-20},"playerItems":[],"playerEquipments":[]}