{"curHP":0.0,"curMoney":0,"playerPosition":{"x":-3.2003703117370607,"y":0.02500009536743164,"z":6.017292022705078},"playerItems":["CatFish"],"playerEquipments":[]}