{"curHP":90.0,"curMoney":100,"playerPosition":{"x":-11.28540325164795,"y":0.024999916553497316,"z":-2.588076591491699},"playerItems":[],"playerEquipments":[]}