{"curHP":86.69996643066406,"curMoney":0,"playerPosition":{"x":-5.460941314697266,"y":0.024999916553497316,"z":-12.011299133300782},"playerItems":["CookedArcticChar"],"playerEquipments":["SemiAutomatic"]}