{"curHP":61.649864196777347,"curMoney":100,"playerPosition":{"x":7.77708625793457,"y":0.024999916553497316,"z":-2.2151358127593996},"playerItems":["RedFish","ArcticChar"],"playerEquipments":["Chainsaw"]}