{"curHP":55.64995574951172,"curMoney":0,"playerPosition":{"x":2.310305595397949,"y":0.024999916553497316,"z":-9.579752922058106},"playerItems":["SemiAutomatic","PristineHazelHenFeather","HazelHenScruffyFeather"],"playerEquipments":["ShotGun"]}