{"curHP":87.29997253417969,"curMoney":0,"playerPosition":{"x":-9.388545989990235,"y":0.02499985694885254,"z":-11.665634155273438},"playerItems":[],"playerEquipments":[]}