{"curHP":25.64997673034668,"curMoney":100,"playerPosition":{"x":23.94008445739746,"y":0.02499985694885254,"z":27.95075035095215},"playerItems":["SemiAutomatic","Shotgun"],"playerEquipments":["Chainsaw"]}