{"curHP":90.0,"curMoney":100,"playerPosition":{"x":36.22343063354492,"y":0.02499997615814209,"z":-2.6379165649414064},"playerItems":[],"playerEquipments":["SemiAutomatic"]}