{"curHP":0.0,"curMoney":0,"playerPosition":{"x":-10.93505573272705,"y":0.024999916553497316,"z":-25.895967483520509},"playerItems":["Mez","Mez","PristineHazelHenFeather","BirdMeat"],"playerEquipments":[]}