{"curHP":0.0,"curMoney":0,"playerPosition":{"x":12.137373924255371,"y":0.02499997615814209,"z":-27.734745025634767},"playerItems":["HazelHenScruffyFeather"],"playerEquipments":["ShotGun"]}