{"curHP":0.0,"curMoney":100,"playerPosition":{"x":4.244109153747559,"y":0.024999916553497316,"z":6.461634635925293},"playerItems":["MistyGrouper","Haddoc"],"playerEquipments":[]}