{"curHP":90.0,"curMoney":100,"playerPosition":{"x":6.792876243591309,"y":0.02499997615814209,"z":1.8055707216262818},"playerItems":[],"playerEquipments":[]}