{"curHP":0.0,"curMoney":100,"playerPosition":{"x":-9.315444946289063,"y":0.02499997615814209,"z":-29.960372924804689},"playerItems":[],"playerEquipments":["Shotgun"]}