{"curHP":70.24996185302735,"curMoney":100,"playerPosition":{"x":-17.39183807373047,"y":0.02499997615814209,"z":-26.223228454589845},"playerItems":[],"playerEquipments":["Shotgun"]}