{"curHP":76.79986572265625,"curMoney":100,"playerPosition":{"x":-28.07297706604004,"y":0.024999916553497316,"z":-13.750631332397461},"playerItems":[],"playerEquipments":["Shotgun"]}